Max Frequency (Hz),Peak Time Constant (s)
204.2346556,0.004886227
193.6547452,0.005127476
183.7206028,0.005479431
174.3878739,0.005743995
165.6155534,0.006018495
157.3657112,0.006303169
149.603243,0.006720522
142.2956415,0.00703139
135.4127886,0.007353311
128.9267648,0.007686529
122.8116749,0.008177618
117.0434885,0.008540021
111.5998948,0.008914618
106.460168,0.009469045
